Date,Power
2017-04-27 00:00:00,50.00533493750004
2017-04-27 00:01:00,50.00552972431768
2017-04-27 00:02:00,50.00571468314272
2017-04-27 00:03:00,50.005889940155754
2017-04-27 00:04:00,50.00605562153738
2017-04-27 00:05:00,50.006211853468194
2017-04-27 00:06:00,50.00635876212885
2017-04-27 00:07:00,50.006496473699904
2017-04-27 00:08:00,50.00662511436199
2017-04-27 00:09:00,50.00674481029572
2017-04-27 00:10:00,50.006855687681686
2017-04-27 00:11:00,50.006957872700504
2017-04-27 00:12:00,50.00705149153276
2017-04-27 00:13:00,50.007136670359095
2017-04-27 00:14:00,50.00721353536009
2017-04-27 00:15:00,50.007282212716355
2017-04-27 00:16:00,50.00734282860851
2017-04-27 00:17:00,50.00739550921716
2017-04-27 00:18:00,50.0074403807229
2017-04-27 00:19:00,50.00747756930633
2017-04-27 00:20:00,50.007507201148094
2017-04-27 00:21:00,50.00752940242876
2017-04-27 00:22:00,50.00754429932896
2017-04-27 00:23:00,50.00755201802927
2017-04-27 00:24:00,50.00755268471035
2017-04-27 00:25:00,50.007546425552746
2017-04-27 00:26:00,50.007533366737114
2017-04-27 00:27:00,50.00751363444401
2017-04-27 00:28:00,50.007487354854106
2017-04-27 00:29:00,50.00745465414796
2017-04-27 00:30:00,50.00741565850619
2017-04-27 00:31:00,50.00737049410941
2017-04-27 00:32:00,50.00731928713822
2017-04-27 00:33:00,50.00726216377324
2017-04-27 00:34:00,50.00719925019506
2017-04-27 00:35:00,50.007130672584296
2017-04-27 00:36:00,50.00705655712157
2017-04-27 00:37:00,50.006977029987446
2017-04-27 00:38:00,50.00689221736256
2017-04-27 00:39:00,50.006802245427515
2017-04-27 00:40:00,50.006707240362935
2017-04-27 00:41:00,50.006607328349396
2017-04-27 00:42:00,50.00650263556752
2017-04-27 00:43:00,50.00639328819793
2017-04-27 00:44:00,50.00627941242121
2017-04-27 00:45:00,50.00616113441796
2017-04-27 00:46:00,50.0060385803688
2017-04-27 00:47:00,50.005911876454356
2017-04-27 00:48:00,50.005781148855206
2017-04-27 00:49:00,50.005646523751956
2017-04-27 00:50:00,50.005508127325236
2017-04-27 00:51:00,50.00536608575565
2017-04-27 00:52:00,50.005220525223784
2017-04-27 00:53:00,50.00507157191026
2017-04-27 00:54:00,50.004919351995675
2017-04-27 00:55:00,50.00476399166066
2017-04-27 00:56:00,50.00460561708578
2017-04-27 00:57:00,50.00444435445168
2017-04-27 00:58:00,50.00428032993896
2017-04-27 00:59:00,50.00411366972821
2017-04-27 01:00:00,50.003944500000046
2017-04-27 01:01:00,50.00377294693509
2017-04-27 01:02:00,50.00359913671392
2017-04-27 01:03:00,50.00342319551717
2017-04-27 01:04:00,50.00324524952543
2017-04-27 01:05:00,50.00306542491932
2017-04-27 01:06:00,50.00288384787943
2017-04-27 01:07:00,50.002700644586376
2017-04-27 01:08:00,50.002515941220764
2017-04-27 01:09:00,50.002329863963205
2017-04-27 01:10:00,50.00214253899431
2017-04-27 01:11:00,50.00195409249467
2017-04-27 01:12:00,50.00176465064491
2017-04-27 01:13:00,50.00157433962562
2017-04-27 01:14:00,50.00138328561741
2017-04-27 01:15:00,50.00119161480089
2017-04-27 01:16:00,50.000999453356684
2017-04-27 01:17:00,50.00080692746537
2017-04-27 01:18:00,50.000614163307574
2017-04-27 01:19:00,50.000421287063894
2017-04-27 01:20:00,50.000228424914944
2017-04-27 01:21:00,50.00003570304133
2017-04-27 01:22:00,49.999843247623645
2017-04-27 01:23:00,49.99965118484252
2017-04-27 01:24:00,49.99945964087854
2017-04-27 01:25:00,49.999268741912324
2017-04-27 01:26:00,49.99907861412448
2017-04-27 01:27:00,49.9988893836956
2017-04-27 01:28:00,49.99870117680632
2017-04-27 01:29:00,49.9985141196372
2017-04-27 01:30:00,49.99832833836889
2017-04-27 01:31:00,49.998143959181995
2017-04-27 01:32:00,49.997961108257094
2017-04-27 01:33:00,49.99777991177482
2017-04-27 01:34:00,49.997600495915755
2017-04-27 01:35:00,49.99742298686052
2017-04-27 01:36:00,49.99724751078975
2017-04-27 01:37:00,49.997074193883996
2017-04-27 01:38:00,49.9969031623239
2017-04-27 01:39:00,49.99673454229008
2017-04-27 01:40:00,49.9965684599631
2017-04-27 01:41:00,49.99640504152361
2017-04-27 01:42:00,49.99624441315218
2017-04-27 01:43:00,49.99608670102945
2017-04-27 01:44:00,49.995932031336004
2017-04-27 01:45:00,49.99578053025246
2017-04-27 01:46:00,49.99563232395943
2017-04-27 01:47:00,49.99548753863751
2017-04-27 01:48:00,49.995346300467304
2017-04-27 01:49:00,49.995208735629426
2017-04-27 01:50:00,49.99507497030449
2017-04-27 01:51:00,49.994945130673095
2017-04-27 01:52:00,49.99481934291584
2017-04-27 01:53:00,49.99469773321334
2017-04-27 01:54:00,49.994580427746214
2017-04-27 01:55:00,49.99446755269505
2017-04-27 01:56:00,49.99435923424046
2017-04-27 01:57:00,49.99425559856306
2017-04-27 01:58:00,49.99415677184344
2017-04-27 01:59:00,49.994062880262234
2017-04-27 02:00:00,49.993974050000006
2017-04-27 02:01:00,49.99389036693857
2017-04-27 02:02:00,49.99381175576433
2017-04-27 02:03:00,49.99373810086488
2017-04-27 02:04:00,49.993669286627814
2017-04-27 02:05:00,49.99360519744072
2017-04-27 02:06:00,49.99354571769118
2017-04-27 02:07:00,49.9934907317668
2017-04-27 02:08:00,49.99344012405518
2017-04-27 02:09:00,49.99339377894387
2017-04-27 02:10:00,49.99335158082048
2017-04-27 02:11:00,49.993313414072624
2017-04-27 02:12:00,49.99327916308786
2017-04-27 02:13:00,49.99324871225379
2017-04-27 02:14:00,49.993221945958
2017-04-27 02:15:00,49.99319874858809
2017-04-27 02:16:00,49.993179004531655
2017-04-27 02:17:00,49.993162598176255
2017-04-27 02:18:00,49.99314941390952
2017-04-27 02:19:00,49.99313933611903
2017-04-27 02:20:00,49.99313224919234
2017-04-27 02:21:00,49.99312803751709
2017-04-27 02:22:00,49.99312658548084
2017-04-27 02:23:00,49.993127777471166
2017-04-27 02:24:00,49.9931314978757
2017-04-27 02:25:00,49.99313763108202
2017-04-27 02:26:00,49.99314606147769
2017-04-27 02:27:00,49.993156673450336
2017-04-27 02:28:00,49.99316935138752
2017-04-27 02:29:00,49.99318397967685
2017-04-27 02:30:00,49.99320044270589
2017-04-27 02:31:00,49.99321862486229
2017-04-27 02:32:00,49.993238410533564
2017-04-27 02:33:00,49.99325968410734
2017-04-27 02:34:00,49.993282329971244
2017-04-27 02:35:00,49.99330623251279
2017-04-27 02:36:00,49.99333127611963
2017-04-27 02:37:00,49.99335734517932
2017-04-27 02:38:00,49.99338432407948
2017-04-27 02:39:00,49.99341209720767
2017-04-27 02:40:00,49.99344054895149
2017-04-27 02:41:00,49.99346956369853
2017-04-27 02:42:00,49.9934990258364
2017-04-27 02:43:00,49.993528819752655
2017-04-27 02:44:00,49.99355882983491
2017-04-27 02:45:00,49.99358894047076
2017-04-27 02:46:00,49.99361903604779
2017-04-27 02:47:00,49.99364900095357
2017-04-27 02:48:00,49.99367871957571
2017-04-27 02:49:00,49.99370807630179
2017-04-27 02:50:00,49.993736955519424
2017-04-27 02:51:00,49.993765241616174
2017-04-27 02:52:00,49.99379281897962
2017-04-27 02:53:00,49.99381957199741
2017-04-27 02:54:00,49.99384538505707
2017-04-27 02:55:00,49.99387014254624
2017-04-27 02:56:00,49.99389372885247
2017-04-27 02:57:00,49.99391602836338
2017-04-27 02:58:00,49.99393692546654
2017-04-27 02:59:00,49.99395630454957
2017-04-27 03:00:00,49.993974050000006
2017-04-27 03:01:00,49.99399007704437
2017-04-27 03:02:00,49.9940044242645
2017-04-27 03:03:00,49.994017161081224
2017-04-27 03:04:00,49.99402835691525
2017-04-27 03:05:00,49.99403808118741
2017-04-27 03:06:00,49.994046403318414
2017-04-27 03:07:00,49.99405339272908
2017-04-27 03:08:00,49.99405911884012
2017-04-27 03:09:00,49.99406365107236
2017-04-27 03:10:00,49.99406705884653
2017-04-27 03:11:00,49.99406941158341
2017-04-27 03:12:00,49.99407077870375
2017-04-27 03:13:00,49.994071229628354
2017-04-27 03:14:00,49.994070833777975
2017-04-27 03:15:00,49.99406966057337
2017-04-27 03:16:00,49.994067779435305
2017-04-27 03:17:00,49.99406525978456
2017-04-27 03:18:00,49.99406217104191
2017-04-27 03:19:00,49.99405858262811
2017-04-27 03:20:00,49.99405456396392
2017-04-27 03:21:00,49.99405018447012
2017-04-27 03:22:00,49.99404551356747
2017-04-27 03:23:00,49.99404062067675
2017-04-27 03:24:00,49.994035575218724
2017-04-27 03:25:00,49.994030446614154
2017-04-27 03:26:00,49.99402530428382
2017-04-27 03:27:00,49.994020217648455
2017-04-27 03:28:00,49.99401525612888
2017-04-27 03:29:00,49.99401048914583
2017-04-27 03:30:00,49.994005986120065
2017-04-27 03:31:00,49.99400181647238
2017-04-27 03:32:00,49.993998049623535
2017-04-27 03:33:00,49.99399475499427
2017-04-27 03:34:00,49.993992002005385
2017-04-27 03:35:00,49.99398986007764
2017-04-27 03:36:00,49.9939883986318
2017-04-27 03:37:00,49.993987687088655
2017-04-27 03:38:00,49.99398779486892
2017-04-27 03:39:00,49.99398879139341
2017-04-27 03:40:00,49.99399074608288
2017-04-27 03:41:00,49.993993728358085
2017-04-27 03:42:00,49.993997807639815
2017-04-27 03:43:00,49.994003053348806
2017-04-27 03:44:00,49.99400953490587
2017-04-27 03:45:00,49.99401732173174
2017-04-27 03:46:00,49.99402648324719
2017-04-27 03:47:00,49.99403708887299
2017-04-27 03:48:00,49.99404920802993
2017-04-27 03:49:00,49.99406291013875
2017-04-27 03:50:00,49.99407826462023
2017-04-27 03:51:00,49.99409534089512
2017-04-27 03:52:00,49.99411420838421
2017-04-27 03:53:00,49.99413493650826
2017-04-27 03:54:00,49.99415759468804
2017-04-27 03:55:00,49.994182252344324
2017-04-27 03:56:00,49.99420897889785
2017-04-27 03:57:00,49.99423784376943
2017-04-27 03:58:00,49.994268916379795
2017-04-27 03:59:00,49.99430226614974
2017-04-27 04:00:00,49.994337962500005
2017-04-27 04:01:00,49.994376048129205
2017-04-27 04:02:00,49.99441645884717
2017-04-27 04:03:00,49.99445910374158
2017-04-27 04:04:00,49.99450389190011
2017-04-27 04:05:00,49.99455073241044
2017-04-27 04:06:00,49.99459953436021
2017-04-27 04:07:00,49.99465020683712
2017-04-27 04:08:00,49.99470265892883
2017-04-27 04:09:00,49.994756799723035
2017-04-27 04:10:00,49.99481253830737
2017-04-27 04:11:00,49.994869783769516
2017-04-27 04:12:00,49.99492844519717
2017-04-27 04:13:00,49.99498843167797
2017-04-27 04:14:00,49.995049652299606
2017-04-27 04:15:00,49.995112016149754
2017-04-27 04:16:00,49.99517543231606
2017-04-27 04:17:00,49.995239809886215
2017-04-27 04:18:00,49.99530505794791
2017-04-27 04:19:00,49.99537108558878
2017-04-27 04:20:00,49.99543780189651
2017-04-27 04:21:00,49.995505115958764
2017-04-27 04:22:00,49.99557293686323
2017-04-27 04:23:00,49.99564117369758
2017-04-27 04:24:00,49.99570973554946
2017-04-27 04:25:00,49.995778531506566
2017-04-27 04:26:00,49.995847470656564
2017-04-27 04:27:00,49.99591646208713
2017-04-27 04:28:00,49.99598541488592
2017-04-27 04:29:00,49.996054238140616
2017-04-27 04:30:00,49.99612284093888
2017-04-27 04:31:00,49.996191132368395
2017-04-27 04:32:00,49.99625902151684
2017-04-27 04:33:00,49.996326417471856
2017-04-27 04:34:00,49.99639322932114
2017-04-27 04:35:00,49.99645936615236
2017-04-27 04:36:00,49.996524737053186
2017-04-27 04:37:00,49.99658925111129
2017-04-27 04:38:00,49.996652817414336
2017-04-27 04:39:00,49.99671534505
2017-04-27 04:40:00,49.996776743105954
2017-04-27 04:41:00,49.996836920669864
2017-04-27 04:42:00,49.996895786829434
2017-04-27 04:43:00,49.99695325067227
2017-04-27 04:44:00,49.997009221286106
2017-04-27 04:45:00,49.99706360775858
2017-04-27 04:46:00,49.99711631917737
2017-04-27 04:47:00,49.99716726463015
2017-04-27 04:48:00,49.9972163532046
2017-04-27 04:49:00,49.99726349398839
2017-04-27 04:50:00,49.997308596069175
2017-04-27 04:51:00,49.99735156853464
2017-04-27 04:52:00,49.99739232047245
2017-04-27 04:53:00,49.99743076097028
2017-04-27 04:54:00,49.9974667991158
2017-04-27 04:55:00,49.997500343996684
2017-04-27 04:56:00,49.99753130470058
2017-04-27 04:57:00,49.99755959031521
2017-04-27 04:58:00,49.9975851099282
2017-04-27 04:59:00,49.99760777262726
2017-04-27 05:00:00,49.99762748750001
2017-04-27 05:01:00,49.99764418840389
2017-04-27 05:02:00,49.997657908275116
2017-04-27 05:03:00,49.99766870481971
2017-04-27 05:04:00,49.9976766357436
2017-04-27 05:05:00,49.99768175875281
2017-04-27 05:06:00,49.99768413155329
2017-04-27 05:07:00,49.99768381185102
2017-04-27 05:08:00,49.997680857351966
2017-04-27 05:09:00,49.99767532576214
2017-04-27 05:10:00,49.99766727478748
2017-04-27 05:11:00,49.997656762133985
2017-04-27 05:12:00,49.99764384550762
2017-04-27 05:13:00,49.99762858261436
2017-04-27 05:14:00,49.99761103116021
2017-04-27 05:15:00,49.99759124885112
2017-04-27 05:16:00,49.99756929339308
2017-04-27 05:17:00,49.99754522249204
2017-04-27 05:18:00,49.997519093854024
2017-04-27 05:19:00,49.99749096518496
2017-04-27 05:20:00,49.997460894190844
2017-04-27 05:21:00,49.99742893857766
2017-04-27 05:22:00,49.9973951560514
2017-04-27 05:23:00,49.997359604318
2017-04-27 05:24:00,49.99732234108345
2017-04-27 05:25:00,49.997283424053755
2017-04-27 05:26:00,49.99724291093486
2017-04-27 05:27:00,49.997200859432766
2017-04-27 05:28:00,49.997157327253426
2017-04-27 05:29:00,49.997112372102826
2017-04-27 05:30:00,49.99706605168694
2017-04-27 05:31:00,49.99701842371177
2017-04-27 05:32:00,49.99696954588327
2017-04-27 05:33:00,49.996919475907404
2017-04-27 05:34:00,49.996868271490165
2017-04-27 05:35:00,49.996815990337545
2017-04-27 05:36:00,49.99676269015549
2017-04-27 05:37:00,49.99670842865
2017-04-27 05:38:00,49.99665326352704
2017-04-27 05:39:00,49.99659725249259
2017-04-27 05:40:00,49.99654045325263
2017-04-27 05:41:00,49.996482923513135
2017-04-27 05:42:00,49.99642472098007
2017-04-27 05:43:00,49.99636590335942
2017-04-27 05:44:00,49.99630652835718
2017-04-27 05:45:00,49.996246653679314
2017-04-27 05:46:00,49.99618633703179
2017-04-27 05:47:00,49.996125636120574
2017-04-27 05:48:00,49.99606460865168
2017-04-27 05:49:00,49.99600331233106
2017-04-27 05:50:00,49.9959418048647
2017-04-27 05:51:00,49.995880143958566
2017-04-27 05:52:00,49.995818387318636
2017-04-27 05:53:00,49.995756592650906
2017-04-27 05:54:00,49.995694817661324
2017-04-27 05:55:00,49.995633120055906
2017-04-27 05:56:00,49.995571557540565
2017-04-27 05:57:00,49.99551018782136
2017-04-27 05:58:00,49.995449068604195
2017-04-27 05:59:00,49.995388257595096
2017-04-27 06:00:00,49.99532781250001
2017-04-27 06:01:00,49.99526778278798
2017-04-27 06:02:00,49.99520818498019
2017-04-27 06:03:00,49.995149027360924
2017-04-27 06:04:00,49.995090318214395
2017-04-27 06:05:00,49.995032065824915
2017-04-27 06:06:00,49.9949742784767
2017-04-27 06:07:00,49.99491696445401
2017-04-27 06:08:00,49.994860132041104
2017-04-27 06:09:00,49.994803789522244
2017-04-27 06:10:00,49.994747945181665
2017-04-27 06:11:00,49.994692607303634
2017-04-27 06:12:00,49.9946377841724
2017-04-27 06:13:00,49.99458348407222
2017-04-27 06:14:00,49.994529715287364
2017-04-27 06:15:00,49.994476486102066
2017-04-27 06:16:00,49.994423804800576
2017-04-27 06:17:00,49.99437167966717
2017-04-27 06:18:00,49.994320118986096
2017-04-27 06:19:00,49.9942691310416
2017-04-27 06:20:00,49.99421872411793
2017-04-27 06:21:00,49.99416890649937
2017-04-27 06:22:00,49.99411968647014
2017-04-27 06:23:00,49.99407107231452
2017-04-27 06:24:00,49.99402307231675
2017-04-27 06:25:00,49.99397569476109
2017-04-27 06:26:00,49.99392894793179
2017-04-27 06:27:00,49.99388284011312
2017-04-27 06:28:00,49.99383737958932
2017-04-27 06:29:00,49.993792574644644
2017-04-27 06:30:00,49.993748433563354
2017-04-27 06:31:00,49.9937049646297
2017-04-27 06:32:00,49.99366217612795
2017-04-27 06:33:00,49.993620076342324
2017-04-27 06:34:00,49.9935786735571
2017-04-27 06:35:00,49.99353797605655
2017-04-27 06:36:00,49.993497992124894
2017-04-27 06:37:00,49.993458730046406
2017-04-27 06:38:00,49.99342019810535
2017-04-27 06:39:00,49.99338240458595
2017-04-27 06:40:00,49.993345357772476
2017-04-27 06:41:00,49.9933090659492
2017-04-27 06:42:00,49.993273537400356
2017-04-27 06:43:00,49.99323878041019
2017-04-27 06:44:00,49.993204803262984
2017-04-27 06:45:00,49.99317161424298
2017-04-27 06:46:00,49.993139221634415
2017-04-27 06:47:00,49.99310763372157
2017-04-27 06:48:00,49.99307685878869
2017-04-27 06:49:00,49.99304690512004
2017-04-27 06:50:00,49.99301778099985
2017-04-27 06:51:00,49.99298949471239
2017-04-27 06:52:00,49.992962054541906
2017-04-27 06:53:00,49.99293546877267
2017-04-27 06:54:00,49.99290974568892
2017-04-27 06:55:00,49.992884893574924
2017-04-27 06:56:00,49.992860920714904
2017-04-27 06:57:00,49.992837835393175
2017-04-27 06:58:00,49.99281564589393
2017-04-27 06:59:00,49.99279436050146
2017-04-27 07:00:00,49.9927739875
2017-04-27 07:01:00,49.99275453095743
2017-04-27 07:02:00,49.992735978075935
2017-04-27 07:03:00,49.99271831184137
2017-04-27 07:04:00,49.99270151523953
2017-04-27 07:05:00,49.9926855712563
2017-04-27 07:06:00,49.992670462877435
2017-04-27 07:07:00,49.99265617308881
2017-04-27 07:08:00,49.992642684876216
2017-04-27 07:09:00,49.992629981225505
2017-04-27 07:10:00,49.99261804512246
2017-04-27 07:11:00,49.992606859552964
2017-04-27 07:12:00,49.99259640750279
2017-04-27 07:13:00,49.99258667195779
2017-04-27 07:14:00,49.992577635903785
2017-04-27 07:15:00,49.99256928232659
2017-04-27 07:16:00,49.99256159421204
2017-04-27 07:17:00,49.99255455454594
2017-04-27 07:18:00,49.99254814631416
2017-04-27 07:19:00,49.99254235250246
2017-04-27 07:20:00,49.9925371560967
2017-04-27 07:21:00,49.99253254008273
2017-04-27 07:22:00,49.99252848744632
2017-04-27 07:23:00,49.99252498117333
2017-04-27 07:24:00,49.99252200424957
2017-04-27 07:25:00,49.992519539660876
2017-04-27 07:26:00,49.992517570393055
2017-04-27 07:27:00,49.992516079431965
2017-04-27 07:28:00,49.99251504976339
2017-04-27 07:29:00,49.99251446437318
2017-04-27 07:30:00,49.99251430624714
2017-04-27 07:31:00,49.99251455837112
2017-04-27 07:32:00,49.99251520373093
2017-04-27 07:33:00,49.992516225312386
2017-04-27 07:34:00,49.99251760610132
2017-04-27 07:35:00,49.99251932908358
2017-04-27 07:36:00,49.99252137724494
2017-04-27 07:37:00,49.992523733571275
2017-04-27 07:38:00,49.99252638104838
2017-04-27 07:39:00,49.992529302662085
2017-04-27 07:40:00,49.99253248139821
2017-04-27 07:41:00,49.9925359002426
2017-04-27 07:42:00,49.992539542181056
2017-04-27 07:43:00,49.99254339019941
2017-04-27 07:44:00,49.99254742728349
2017-04-27 07:45:00,49.99255163641913
2017-04-27 07:46:00,49.99255600059213
2017-04-27 07:47:00,49.99256050278832
2017-04-27 07:48:00,49.99256512599354
2017-04-27 07:49:00,49.992569853193615
2017-04-27 07:50:00,49.99257466737435
2017-04-27 07:51:00,49.9925795515216
2017-04-27 07:52:00,49.99258448862114
2017-04-27 07:53:00,49.99258946165884
2017-04-27 07:54:00,49.9925944536205
2017-04-27 07:55:00,49.99259944749197
2017-04-27 07:56:00,49.99260442625903
2017-04-27 07:57:00,49.992609372907566
2017-04-27 07:58:00,49.99261427042333
2017-04-27 07:59:00,49.99261910179222
2017-04-27 08:00:00,49.99262384999999
2017-04-27 08:01:00,49.99262850613337
2017-04-27 08:02:00,49.99263309368232
2017-04-27 08:03:00,49.992637644237725
2017-04-27 08:04:00,49.99264218939039
2017-04-27 08:05:00,49.99264676073123
2017-04-27 08:06:00,49.99265138985105
2017-04-27 08:07:00,49.99265610834072
2017-04-27 08:08:00,49.992660947791066
2017-04-27 08:09:00,49.992665939792964
2017-04-27 08:10:00,49.99267111593725
2017-04-27 08:11:00,49.99267650781479
2017-04-27 08:12:00,49.99268214701642
2017-04-27 08:13:00,49.992688065132995
2017-04-27 08:14:00,49.99269429375537
2017-04-27 08:15:00,49.99270086447439
2017-04-27 08:16:00,49.99270780888091
2017-04-27 08:17:00,49.992715158565765
2017-04-27 08:18:00,49.992722945119844
2017-04-27 08:19:00,49.99273120013394
2017-04-27 08:20:00,49.99273995519895
2017-04-27 08:21:00,49.992749241905706
2017-04-27 08:22:00,49.992759091845066
2017-04-27 08:23:00,49.992769536607874
2017-04-27 08:24:00,49.99278060778497
2017-04-27 08:25:00,49.99279233696724
2017-04-27 08:26:00,49.99280475574549
2017-04-27 08:27:00,49.992817895710616
2017-04-27 08:28:00,49.99283178845344
2017-04-27 08:29:00,49.992846465564796
2017-04-27 08:30:00,49.992861958635565
2017-04-27 08:31:00,49.9928782992566
2017-04-27 08:32:00,49.99289551901873
2017-04-27 08:33:00,49.99291364951282
2017-04-27 08:34:00,49.9929327223297
2017-04-27 08:35:00,49.99295276906027
2017-04-27 08:36:00,49.99297382129531
2017-04-27 08:37:00,49.99299591062574
2017-04-27 08:38:00,49.993019068642354
2017-04-27 08:39:00,49.99304332693603
2017-04-27 08:40:00,49.993068717097614
2017-04-27 08:41:00,49.99309527071797
2017-04-27 08:42:00,49.99312301938794
2017-04-27 08:43:00,49.993151994698344
2017-04-27 08:44:00,49.993182228240066
2017-04-27 08:45:00,49.99321375160397
2017-04-27 08:46:00,49.99324659638086
2017-04-27 08:47:00,49.99328079416162
2017-04-27 08:48:00,49.9933163765371
2017-04-27 08:49:00,49.99335337509814
2017-04-27 08:50:00,49.993391821435594
2017-04-27 08:51:00,49.99343174714032
2017-04-27 08:52:00,49.99347318380315
2017-04-27 08:53:00,49.99351616301495
2017-04-27 08:54:00,49.99356071636655
2017-04-27 08:55:00,49.99360687544885
2017-04-27 08:56:00,49.993654671852624
2017-04-27 08:57:00,49.993704137168805
2017-04-27 08:58:00,49.99375530298818
2017-04-27 08:59:00,49.99380820090164
2017-04-27 09:00:00,49.993862862499995
2017-04-27 09:01:00,49.99391930533378
2017-04-27 09:02:00,49.99397749079201
2017-04-27 09:03:00,49.99403736622341
2017-04-27 09:04:00,49.99409887897661
2017-04-27 09:05:00,49.99416197640039
2017-04-27 09:06:00,49.99422660584335
2017-04-27 09:07:00,49.99429271465426
2017-04-27 09:08:00,49.99436025018173
2017-04-27 09:09:00,49.994429159774526
2017-04-27 09:10:00,49.99449939078127
2017-04-27 09:11:00,49.99457089055071
2017-04-27 09:12:00,49.994643606431495
2017-04-27 09:13:00,49.99471748577234
2017-04-27 09:14:00,49.99479247592193
2017-04-27 09:15:00,49.99486852422896
2017-04-27 09:16:00,49.994945578042106
2017-04-27 09:17:00,49.99502358471006
2017-04-27 09:18:00,49.99510249158152
2017-04-27 09:19:00,49.995182246005186
2017-04-27 09:20:00,49.995262795329715
2017-04-27 09:21:00,49.995344086903835
2017-04-27 09:22:00,49.995426068076206
2017-04-27 09:23:00,49.99550868619555
2017-04-27 09:24:00,49.99559188861051
2017-04-27 09:25:00,49.99567562266983
2017-04-27 09:26:00,49.99575983572216
2017-04-27 09:27:00,49.995844475116215
2017-04-27 09:28:00,49.99592948820067
2017-04-27 09:29:00,49.99601482232422
2017-04-27 09:30:00,49.996100424835554
2017-04-27 09:31:00,49.99618624308338
2017-04-27 09:32:00,49.996272224416366
2017-04-27 09:33:00,49.99635831618321
2017-04-27 09:34:00,49.996444465732594
2017-04-27 09:35:00,49.996530620413225
2017-04-27 09:36:00,49.996616727573766
2017-04-27 09:37:00,49.99670273456295
2017-04-27 09:38:00,49.99678858872942
2017-04-27 09:39:00,49.9968742374219
2017-04-27 09:40:00,49.99695962798907
2017-04-27 09:41:00,49.997044707779615
2017-04-27 09:42:00,49.99712942414224
2017-04-27 09:43:00,49.997213724425606
2017-04-27 09:44:00,49.99729755597843
2017-04-27 09:45:00,49.99738086614939
2017-04-27 09:46:00,49.99746360228718
2017-04-27 09:47:00,49.99754571174049
2017-04-27 09:48:00,49.99762714185802
2017-04-27 09:49:00,49.99770783998845
2017-04-27 09:50:00,49.99778775348047
2017-04-27 09:51:00,49.99786682968277
2017-04-27 09:52:00,49.99794501594403
2017-04-27 09:53:00,49.99802225961297
2017-04-27 09:54:00,49.99809850803826
2017-04-27 09:55:00,49.99817370856859
2017-04-27 09:56:00,49.99824780855263
2017-04-27 09:57:00,49.99832075533914
2017-04-27 09:58:00,49.99839249627672
2017-04-27 09:59:00,49.99846297871412
2017-04-27 10:00:00,49.99853215
2017-04-27 10:01:00,49.99859996832281
2017-04-27 10:02:00,49.99866643522973
2017-04-27 10:03:00,49.99873156310777
2017-04-27 10:04:00,49.99879536434383
2017-04-27 10:05:00,49.998857851324956
2017-04-27 10:06:00,49.998919036438025
2017-04-27 10:07:00,49.99897893207004
2017-04-27 10:08:00,49.99903755060792
2017-04-27 10:09:00,49.99909490443868
2017-04-27 10:10:00,49.99915100594923
2017-04-27 10:11:00,49.99920586752654
2017-04-27 10:12:00,49.999259501557574
2017-04-27 10:13:00,49.999311920429285
2017-04-27 10:14:00,49.99936313652864
2017-04-27 10:15:00,49.9994131622426
2017-04-27 10:16:00,49.999462009958094
2017-04-27 10:17:00,49.99950969206211
2017-04-27 10:18:00,49.9995562209416
2017-04-27 10:19:00,49.999601608983504
2017-04-27 10:20:00,49.9996458685748
2017-04-27 10:21:00,49.999689012102436
2017-04-27 10:22:00,49.99973105195338
2017-04-27 10:23:00,49.99977200051459
2017-04-27 10:24:00,49.999811870172984
2017-04-27 10:25:00,49.999850673315585
2017-04-27 10:26:00,49.999888422329306
2017-04-27 10:27:00,49.99992512960113
2017-04-27 10:28:00,49.999960807517986
2017-04-27 10:29:00,49.99999546846686
2017-04-27 10:30:00,50.00002912483469
2017-04-27 10:31:00,50.00006178900845
2017-04-27 10:32:00,50.000093473375095
2017-04-27 10:33:00,50.00012419032158
2017-04-27 10:34:00,50.00015395223485
2017-04-27 10:35:00,50.000182771501876
2017-04-27 10:36:00,50.000210660509616
2017-04-27 10:37:00,50.00023763164504
2017-04-27 10:38:00,50.00026369729508
2017-04-27 10:39:00,50.000288869846706
2017-04-27 10:40:00,50.00031316168688
2017-04-27 10:41:00,50.00033658520256
2017-04-27 10:42:00,50.0003591527807
2017-04-27 10:43:00,50.00038087680825
2017-04-27 10:44:00,50.00040176967219
2017-04-27 10:45:00,50.00042184375946
2017-04-27 10:46:00,50.000441111457015
2017-04-27 10:47:00,50.000459585151816
2017-04-27 10:48:00,50.00047727723084
2017-04-27 10:49:00,50.00049420008103
2017-04-27 10:50:00,50.00051036608933
2017-04-27 10:51:00,50.00052578764273
2017-04-27 10:52:00,50.000540477128155
2017-04-27 10:53:00,50.00055444693259
2017-04-27 10:54:00,50.000567709442976
2017-04-27 10:55:00,50.000580277046275
2017-04-27 10:56:00,50.00059216212944
2017-04-27 10:57:00,50.00060337707946
2017-04-27 10:58:00,50.00061393428324
2017-04-27 10:59:00,50.00062384612779
2017-04-27 11:00:00,50.00063312500001
2017-04-27 11:01:00,50.000641778577474
2017-04-27 11:02:00,50.00064979569978
2017-04-27 11:03:00,50.000657160497205
2017-04-27 11:04:00,50.00066385709991
2017-04-27 11:05:00,50.00066986963815
2017-04-27 11:06:00,50.00067518224211
2017-04-27 11:07:00,50.000679779042024
2017-04-27 11:08:00,50.000683644168085
2017-04-27 11:09:00,50.00068676175054
2017-04-27 11:10:00,50.00068911591957
2017-04-27 11:11:00,50.000690690805406
2017-04-27 11:12:00,50.00069147053826
2017-04-27 11:13:00,50.00069143924833
2017-04-27 11:14:00,50.000690581065854
2017-04-27 11:15:00,50.00068888012106
2017-04-27 11:16:00,50.000686320544105
2017-04-27 11:17:00,50.00068288646524
2017-04-27 11:18:00,50.00067856201469
2017-04-27 11:19:00,50.000673331322645
2017-04-27 11:20:00,50.00066717851932
2017-04-27 11:21:00,50.00066008773494
2017-04-27 11:22:00,50.00065204309972
2017-04-27 11:23:00,50.00064302874388
2017-04-27 11:24:00,50.000633028797594
2017-04-27 11:25:00,50.00062202739114
2017-04-27 11:26:00,50.000610008654675
2017-04-27 11:27:00,50.00059695671845
2017-04-27 11:28:00,50.00058285571266
2017-04-27 11:29:00,50.000567689767514
2017-04-27 11:30:00,50.00055144301324
2017-04-27 11:31:00,50.00053409958006
2017-04-27 11:32:00,50.000515643598156
2017-04-27 11:33:00,50.00049605919778
2017-04-27 11:34:00,50.00047533050912
2017-04-27 11:35:00,50.0004534416624
2017-04-27 11:36:00,50.000430376787826
2017-04-27 11:37:00,50.00040612001563
2017-04-27 11:38:00,50.000380655476
2017-04-27 11:39:00,50.00035396729917
2017-04-27 11:40:00,50.000326039615345
2017-04-27 11:41:00,50.00029685655475
2017-04-27 11:42:00,50.00026640224758
2017-04-27 11:43:00,50.00023466082406
2017-04-27 11:44:00,50.00020161641441
2017-04-27 11:45:00,50.00016725314884
2017-04-27 11:46:00,50.000131555157544
2017-04-27 11:47:00,50.00009450657076
2017-04-27 11:48:00,50.0000560915187
2017-04-27 11:49:00,50.00001629413158
2017-04-27 11:50:00,49.99997509853961
2017-04-27 11:51:00,49.99993248887299
2017-04-27 11:52:00,49.999888449261945
2017-04-27 11:53:00,49.999842963836706
2017-04-27 11:54:00,49.99979601672745
2017-04-27 11:55:00,49.99974759206442
2017-04-27 11:56:00,49.99969767397781
2017-04-27 11:57:00,49.99964624659788
2017-04-27 11:58:00,49.999593294054776
2017-04-27 11:59:00,49.99953880047877
2017-04-27 12:00:00,49.99948275000001
2017-04-27 12:01:00,49.99942513408841
2017-04-27 12:02:00,49.999365973572175
2017-04-27 12:03:00,49.99930529661919
2017-04-27 12:04:00,49.99924313139734
2017-04-27 12:05:00,49.99917950607455
2017-04-27 12:06:00,49.99911444881864
2017-04-27 12:07:00,49.99904798779752
2017-04-27 12:08:00,49.998980151179055
2017-04-27 12:09:00,49.99891096713115
2017-04-27 12:10:00,49.998840463821665
2017-04-27 12:11:00,49.99876866941849
2017-04-27 12:12:00,49.9986956120895
2017-04-27 12:13:00,49.99862132000257
2017-04-27 12:14:00,49.9985458213256
2017-04-27 12:15:00,49.99846914422646
2017-04-27 12:16:00,49.99839131687302
2017-04-27 12:17:00,49.998312367433165
2017-04-27 12:18:00,49.9982323240748
2017-04-27 12:19:00,49.99815121496577
2017-04-27 12:20:00,49.99806906827398
2017-04-27 12:21:00,49.997985912167294
2017-04-27 12:22:00,49.99790177481359
2017-04-27 12:23:00,49.99781668438079
2017-04-27 12:24:00,49.997730669036706
2017-04-27 12:25:00,49.99764375694928
2017-04-27 12:26:00,49.997555976286364
2017-04-27 12:27:00,49.997467355215846
2017-04-27 12:28:00,49.997377921905596
2017-04-27 12:29:00,49.9972877045235
2017-04-27 12:30:00,49.99719673123744
2017-04-27 12:31:00,49.99710503021531
2017-04-27 12:32:00,49.997012629624976
2017-04-27 12:33:00,49.9969195576343
2017-04-27 12:34:00,49.99682584241119
2017-04-27 12:35:00,49.99673151212353
2017-04-27 12:36:00,49.996636594939176
2017-04-27 12:37:00,49.99654111902605
2017-04-27 12:38:00,49.996445112551974
2017-04-27 12:39:00,49.99634860368487
2017-04-27 12:40:00,49.9962516205926
2017-04-27 12:41:00,49.99615419144307
2017-04-27 12:42:00,49.99605634440413
2017-04-27 12:43:00,49.99595810764366
2017-04-27 12:44:00,49.99585950932958
2017-04-27 12:45:00,49.995760577629724
2017-04-27 12:46:00,49.995661340712
2017-04-27 12:47:00,49.99556182674427
2017-04-27 12:48:00,49.99546206389444
2017-04-27 12:49:00,49.99536208033038
2017-04-27 12:50:00,49.99526190421995
2017-04-27 12:51:00,49.995161563731074
2017-04-27 12:52:00,49.99506108703157
2017-04-27 12:53:00,49.99496050228938
2017-04-27 12:54:00,49.994859837672344
2017-04-27 12:55:00,49.99475912134838
2017-04-27 12:56:00,49.994658381485316
2017-04-27 12:57:00,49.99455764625108
2017-04-27 12:58:00,49.994456943813525
2017-04-27 12:59:00,49.994356302340556
2017-04-27 13:00:00,49.994255750000015
2017-04-27 13:01:00,49.99415531467682
2017-04-27 13:02:00,49.99405502312373
2017-04-27 13:03:00,49.99395490181056
2017-04-27 13:04:00,49.993854977207086
2017-04-27 13:05:00,49.99375527578314
2017-04-27 13:06:00,49.99365582400845
2017-04-27 13:07:00,49.99355664835287
2017-04-27 13:08:00,49.993457775286146
2017-04-27 13:09:00,49.993359231278106
2017-04-27 13:10:00,49.993261042798515
2017-04-27 13:11:00,49.993163236317166
2017-04-27 13:12:00,49.99306583830386
2017-04-27 13:13:00,49.9929688752284
2017-04-27 13:14:00,49.99287237356055
2017-04-27 13:15:00,49.99277635977014
2017-04-27 13:16:00,49.992680860326914
2017-04-27 13:17:00,49.992585901700686
2017-04-27 13:18:00,49.992491510361276
2017-04-27 13:19:00,49.99239771277843
2017-04-27 13:20:00,49.99230453542196
2017-04-27 13:21:00,49.99221200476166
2017-04-27 13:22:00,49.99212014726732
2017-04-27 13:23:00,49.99202898940874
2017-04-27 13:24:00,49.99193855765567
2017-04-27 13:25:00,49.99184887847797
2017-04-27 13:26:00,49.991759978345364
2017-04-27 13:27:00,49.9916718837277
2017-04-27 13:28:00,49.99158462109474
2017-04-27 13:29:00,49.99149821691626
2017-04-27 13:30:00,49.9914126976621
2017-04-27 13:31:00,49.99132808980202
2017-04-27 13:32:00,49.9912444198058
2017-04-27 13:33:00,49.99116171414326
2017-04-27 13:34:00,49.99107999928418
2017-04-27 13:35:00,49.99099930169835
2017-04-27 13:36:00,49.99091964785555
2017-04-27 13:37:00,49.990841064225606
2017-04-27 13:38:00,49.99076357727828
2017-04-27 13:39:00,49.99068721348336
2017-04-27 13:40:00,49.99061199931067
2017-04-27 13:41:00,49.99053796122997
2017-04-27 13:42:00,49.99046512571107
2017-04-27 13:43:00,49.99039351922374
2017-04-27 13:44:00,49.9903231682378
2017-04-27 13:45:00,49.99025409922302
2017-04-27 13:46:00,49.99018633864921
2017-04-27 13:47:00,49.990119912986145
2017-04-27 13:48:00,49.99005484870363
2017-04-27 13:49:00,49.98999117227145
2017-04-27 13:50:00,49.98992891015939
2017-04-27 13:51:00,49.98986808883727
2017-04-27 13:52:00,49.98980873477483
2017-04-27 13:53:00,49.98975087444191
2017-04-27 13:54:00,49.98969453430828
2017-04-27 13:55:00,49.98963974084375
2017-04-27 13:56:00,49.98958652051806
2017-04-27 13:57:00,49.989534899801086
2017-04-27 13:58:00,49.98948490516254
2017-04-27 13:59:00,49.98943656307226
2017-04-27 14:00:00,49.98938990000002
2017-04-27 14:01:00,49.98934493294974
2017-04-27 14:02:00,49.98930164106177
2017-04-27 14:03:00,49.9892599940106
2017-04-27 14:04:00,49.98921996147069
2017-04-27 14:05:00,49.98918151311656
2017-04-27 14:06:00,49.98914461862266
2017-04-27 14:07:00,49.98910924766348
2017-04-27 14:08:00,49.9890753699135
2017-04-27 14:09:00,49.989042955047196
2017-04-27 14:10:00,49.98901197273904
2017-04-27 14:11:00,49.98898239266354
2017-04-27 14:12:00,49.98895418449514
2017-04-27 14:13:00,49.98892731790836
2017-04-27 14:14:00,49.988901762577655
2017-04-27 14:15:00,49.988877488177515
2017-04-27 14:16:00,49.98885446438241
2017-04-27 14:17:00,49.98883266086683
2017-04-27 14:18:00,49.98881204730525
2017-04-27 14:19:00,49.98879259337216
2017-04-27 14:20:00,49.98877426874203
2017-04-27 14:21:00,49.98875704308933
2017-04-27 14:22:00,49.98874088608856
2017-04-27 14:23:00,49.988725767414195
2017-04-27 14:24:00,49.98871165674071
2017-04-27 14:25:00,49.9886985237426
2017-04-27 14:26:00,49.988686338094325
2017-04-27 14:27:00,49.988675069470375
2017-04-27 14:28:00,49.98866468754523
2017-04-27 14:29:00,49.98865516199338
2017-04-27 14:30:00,49.988646462489285
2017-04-27 14:31:00,49.98863855870743
2017-04-27 14:32:00,49.98863142032232
2017-04-27 14:33:00,49.98862501700841
2017-04-27 14:34:00,49.98861931844017
2017-04-27 14:35:00,49.98861429429212
2017-04-27 14:36:00,49.9886099142387
2017-04-27 14:37:00,49.98860614795443
2017-04-27 14:38:00,49.988602965113756
2017-04-27 14:39:00,49.988600335391176
2017-04-27 14:40:00,49.98859822846115
2017-04-27 14:41:00,49.98859661399818
2017-04-27 14:42:00,49.98859546167676
2017-04-27 14:43:00,49.98859474117132
2017-04-27 14:44:00,49.98859442215638
2017-04-27 14:45:00,49.98859447430642
2017-04-27 14:46:00,49.9885948672959
2017-04-27 14:47:00,49.98859557079931
2017-04-27 14:48:00,49.98859655449113
2017-04-27 14:49:00,49.988597788045865
2017-04-27 14:50:00,49.988599241137955
2017-04-27 14:51:00,49.988600883441904
2017-04-27 14:52:00,49.98860268463217
2017-04-27 14:53:00,49.98860461438326
2017-04-27 14:54:00,49.988606642369646
2017-04-27 14:55:00,49.98860873826581
2017-04-27 14:56:00,49.98861087174621
2017-04-27 14:57:00,49.988613012485374
2017-04-27 14:58:00,49.988615130157726
2017-04-27 14:59:00,49.98861719443779
2017-04-27 15:00:00,49.98861917500001
2017-04-27 15:01:00,49.98862104883839
2017-04-27 15:02:00,49.988622822224706
2017-04-27 15:03:00,49.988624508750334
2017-04-27 15:04:00,49.988626122006536
2017-04-27 15:05:00,49.988627675584674
2017-04-27 15:06:00,49.98862918307603
2017-04-27 15:07:00,49.98863065807194
2017-04-27 15:08:00,49.98863211416371
2017-04-27 15:09:00,49.988633564942646
2017-04-27 15:10:00,49.98863502400006
2017-04-27 15:11:00,49.9886365049273
2017-04-27 15:12:00,49.98863802131564
2017-04-27 15:13:00,49.98863958675642
2017-04-27 15:14:00,49.988641214840946
2017-04-27 15:15:00,49.98864291916055
2017-04-27 15:16:00,49.988644713306506
2017-04-27 15:17:00,49.98864661087016
2017-04-27 15:18:00,49.988648625442835
2017-04-27 15:19:00,49.98865077061582
2017-04-27 15:20:00,49.98865305998044
2017-04-27 15:21:00,49.988655507128016
2017-04-27 15:22:00,49.988658125649856
2017-04-27 15:23:00,49.988660929137275
2017-04-27 15:24:00,49.98866393118158
2017-04-27 15:25:00,49.98866714537411
2017-04-27 15:26:00,49.98867058530615
2017-04-27 15:27:00,49.98867426456904
2017-04-27 15:28:00,49.98867819675409
2017-04-27 15:29:00,49.988682395452585
2017-04-27 15:30:00,49.98868687425588
2017-04-27 15:31:00,49.98869164675528
2017-04-27 15:32:00,49.98869672654208
2017-04-27 15:33:00,49.98870212720761
2017-04-27 15:34:00,49.988707862343176
2017-04-27 15:35:00,49.988713945540105
2017-04-27 15:36:00,49.98872039038971
2017-04-27 15:37:00,49.988727210483304
2017-04-27 15:38:00,49.9887344194122
2017-04-27 15:39:00,49.988742030767696
2017-04-27 15:40:00,49.98875005814113
2017-04-27 15:41:00,49.98875851512382
2017-04-27 15:42:00,49.98876741530706
2017-04-27 15:43:00,49.98877677228217
2017-04-27 15:44:00,49.98878659964048
2017-04-27 15:45:00,49.98879691097329
2017-04-27 15:46:00,49.988807719871915
2017-04-27 15:47:00,49.988819039927684
2017-04-27 15:48:00,49.98883088473189
2017-04-27 15:49:00,49.98884326787588
2017-04-27 15:50:00,49.98885620295093
2017-04-27 15:51:00,49.988869703548374
2017-04-27 15:52:00,49.988883783259524
2017-04-27 15:53:00,49.9888984556757
2017-04-27 15:54:00,49.98891373438822
2017-04-27 15:55:00,49.988929632988395
2017-04-27 15:56:00,49.98894616506752
2017-04-27 15:57:00,49.98896334421694
2017-04-27 15:58:00,49.98898118402795
2017-04-27 15:59:00,49.98899969809188
2017-04-27 16:00:00,49.98901890000001
2017-04-27 16:01:00,49.989038801098545
2017-04-27 16:02:00,49.98905940375293
2017-04-27 16:03:00,49.98908070808352
2017-04-27 16:04:00,49.98910271421064
2017-04-27 16:05:00,49.98912542225464
2017-04-27 16:06:00,49.9891488323358
2017-04-27 16:07:00,49.989172944574506
2017-04-27 16:08:00,49.989197759091056
2017-04-27 16:09:00,49.98922327600579
2017-04-27 16:10:00,49.98924949543902
2017-04-27 16:11:00,49.989276417511114
2017-04-27 16:12:00,49.98930404234236
2017-04-27 16:13:00,49.98933237005312
2017-04-27 16:14:00,49.989361400763705
2017-04-27 16:15:00,49.98939113459448
2017-04-27 16:16:00,49.98942157166571
2017-04-27 16:17:00,49.98945271209777
2017-04-27 16:18:00,49.989484556011
2017-04-27 16:19:00,49.989517103525706
2017-04-27 16:20:00,49.989550354762216
2017-04-27 16:21:00,49.989584309840886
2017-04-27 16:22:00,49.98961896888203
2017-04-27 16:23:00,49.98965433200596
2017-04-27 16:24:00,49.98969039933302
2017-04-27 16:25:00,49.989727170983564
2017-04-27 16:26:00,49.98976464707789
2017-04-27 16:27:00,49.989802827736355
2017-04-27 16:28:00,49.989841713079265
2017-04-27 16:29:00,49.98988130322695
2017-04-27 16:30:00,49.98992159829976
2017-04-27 16:31:00,49.989962598418025
2017-04-27 16:32:00,49.99000430370205
2017-04-27 16:33:00,49.99004671427218
2017-04-27 16:34:00,49.99008983024875
2017-04-27 16:35:00,49.99013365175209
2017-04-27 16:36:00,49.99017817890251
2017-04-27 16:37:00,49.99022341182038
2017-04-27 16:38:00,49.990269350625994
2017-04-27 16:39:00,49.99031599543969
2017-04-27 16:40:00,49.9903633463818
2017-04-27 16:41:00,49.99041140357267
2017-04-27 16:42:00,49.99046016713262
2017-04-27 16:43:00,49.99050963718195
2017-04-27 16:44:00,49.99055981384104
2017-04-27 16:45:00,49.990610697230196
2017-04-27 16:46:00,49.99066228746974
2017-04-27 16:47:00,49.990714584680006
2017-04-27 16:48:00,49.99076758898134
2017-04-27 16:49:00,49.990821300494076
2017-04-27 16:50:00,49.990875719338504
2017-04-27 16:51:00,49.990930845635
2017-04-27 16:52:00,49.99098667950386
2017-04-27 16:53:00,49.99104322106544
2017-04-27 16:54:00,49.991100470440045
2017-04-27 16:55:00,49.99115842774803
2017-04-27 16:56:00,49.991217093109704
2017-04-27 16:57:00,49.991276466645424
2017-04-27 16:58:00,49.99133654847549
2017-04-27 16:59:00,49.991397338720255
2017-04-27 17:00:00,49.99145883750002
2017-04-27 17:01:00,49.991521039690205
2017-04-27 17:02:00,49.99158391918636
2017-04-27 17:03:00,49.99164744463913
2017-04-27 17:04:00,49.99171158469911
2017-04-27 17:05:00,49.99177630801698
2017-04-27 17:06:00,49.991841583243335
2017-04-27 17:07:00,49.99190737902881
2017-04-27 17:08:00,49.991973664024016
2017-04-27 17:09:00,49.99204040687964
2017-04-27 17:10:00,49.992107576246234
2017-04-27 17:11:00,49.99217514077448
2017-04-27 17:12:00,49.992243069114984
2017-04-27 17:13:00,49.99231132991838
2017-04-27 17:14:00,49.9923798918353
2017-04-27 17:15:00,49.992448723516375
2017-04-27 17:16:00,49.992517793612215
2017-04-27 17:17:00,49.99258707077347
2017-04-27 17:18:00,49.99265652365076
2017-04-27 17:19:00,49.99272612089471
2017-04-27 17:20:00,49.99279583115594
2017-04-27 17:21:00,49.9928656230851
2017-04-27 17:22:00,49.99293546533281
2017-04-27 17:23:00,49.99300532654971
2017-04-27 17:24:00,49.99307517538638
2017-04-27 17:25:00,49.99314498049352
2017-04-27 17:26:00,49.9932147105217
2017-04-27 17:27:00,49.99328433412159
2017-04-27 17:28:00,49.993353819943785
2017-04-27 17:29:00,49.99342313663893
2017-04-27 17:30:00,49.99349225285765
2017-04-27 17:31:00,49.99356113725059
2017-04-27 17:32:00,49.99362975846835
2017-04-27 17:33:00,49.99369808516158
2017-04-27 17:34:00,49.993766085980894
2017-04-27 17:35:00,49.99383372957693
2017-04-27 17:36:00,49.99390098460031
2017-04-27 17:37:00,49.99396781970168
2017-04-27 17:38:00,49.99403420353164
2017-04-27 17:39:00,49.99410010474084
2017-04-27 17:40:00,49.9941654919799
2017-04-27 17:41:00,49.99423033389945
2017-04-27 17:42:00,49.99429459915012
2017-04-27 17:43:00,49.99435825638254
2017-04-27 17:44:00,49.99442127424733
2017-04-27 17:45:00,49.99448362139514
2017-04-27 17:46:00,49.994545266476564
2017-04-27 17:47:00,49.99460617814225
2017-04-27 17:48:00,49.994666325042836
2017-04-27 17:49:00,49.99472567582894
2017-04-27 17:50:00,49.99478419915119
2017-04-27 17:51:00,49.99484186366021
2017-04-27 17:52:00,49.99489863800664
2017-04-27 17:53:00,49.99495449084111
2017-04-27 17:54:00,49.995009390814225
2017-04-27 17:55:00,49.99506330657664
2017-04-27 17:56:00,49.99511620677897
2017-04-27 17:57:00,49.99516806007185
2017-04-27 17:58:00,49.9952188351059
2017-04-27 17:59:00,49.995268500531765
2017-04-27 18:00:00,49.99531702500005
2017-04-27 18:01:00,49.99536438438932
2017-04-27 18:02:00,49.99541058348977
2017-04-27 18:03:00,49.99545563431955
2017-04-27 18:04:00,49.995499548896746
2017-04-27 18:05:00,49.995542339239556
2017-04-27 18:06:00,49.995584017366035
2017-04-27 18:07:00,49.99562459529435
2017-04-27 18:08:00,49.99566408504263
2017-04-27 18:09:00,49.995702498628994
2017-04-27 18:10:00,49.99573984807156
2017-04-27 18:11:00,49.995776145388476
2017-04-27 18:12:00,49.99581140259786
2017-04-27 18:13:00,49.99584563171783
2017-04-27 18:14:00,49.99587884476654
2017-04-27 18:15:00,49.9959110537621
2017-04-27 18:16:00,49.99594227072264
2017-04-27 18:17:00,49.99597250766627
2017-04-27 18:18:00,49.99600177661117
2017-04-27 18:19:00,49.99603008957541
2017-04-27 18:20:00,49.99605745857715
2017-04-27 18:21:00,49.99608389563451
2017-04-27 18:22:00,49.99610941276563
2017-04-27 18:23:00,49.99613402198862
2017-04-27 18:24:00,49.996157735321596
2017-04-27 18:25:00,49.996180564782726
2017-04-27 18:26:00,49.9962025223901
2017-04-27 18:27:00,49.996223620161885
2017-04-27 18:28:00,49.99624387011617
2017-04-27 18:29:00,49.996263284271095
2017-04-27 18:30:00,49.99628187464481
2017-04-27 18:31:00,49.99629965325541
2017-04-27 18:32:00,49.99631663212105
2017-04-27 18:33:00,49.99633282325985
2017-04-27 18:34:00,49.99634823868991
2017-04-27 18:35:00,49.99636289042941
2017-04-27 18:36:00,49.99637679049642
2017-04-27 18:37:00,49.99638995090913
2017-04-27 18:38:00,49.99640238368563
2017-04-27 18:39:00,49.99641410084404
2017-04-27 18:40:00,49.996425114402506
2017-04-27 18:41:00,49.99643543637916
2017-04-27 18:42:00,49.99644507879213
2017-04-27 18:43:00,49.99645405365951
2017-04-27 18:44:00,49.996462372999474
2017-04-27 18:45:00,49.99647004883013
2017-04-27 18:46:00,49.9964770931696
2017-04-27 18:47:00,49.996483518036015
2017-04-27 18:48:00,49.99648933544752
2017-04-27 18:49:00,49.996494557422224
2017-04-27 18:50:00,49.99649919597825
2017-04-27 18:51:00,49.996503263133754
2017-04-27 18:52:00,49.996506770906834
2017-04-27 18:53:00,49.996509731315626
2017-04-27 18:54:00,49.99651215637827
2017-04-27 18:55:00,49.9965140581129
2017-04-27 18:56:00,49.9965154485376
2017-04-27 18:57:00,49.99651633967056
2017-04-27 18:58:00,49.99651674352986
2017-04-27 18:59:00,49.99651667213365
2017-04-27 19:00:00,49.99651613750004
2017-04-27 19:01:00,49.99651514906166
2017-04-27 19:02:00,49.996513705908995
2017-04-27 19:03:00,49.99651180454705
2017-04-27 19:04:00,49.99650944148076
2017-04-27 19:05:00,49.9965066132152
2017-04-27 19:06:00,49.99650331625528
2017-04-27 19:07:00,49.996499547106005
2017-04-27 19:08:00,49.99649530227237
2017-04-27 19:09:00,49.99649057825935
2017-04-27 19:10:00,49.99648537157192
2017-04-27 19:11:00,49.9964796787151
2017-04-27 19:12:00,49.99647349619382
2017-04-27 19:13:00,49.9964668205131
2017-04-27 19:14:00,49.99645964817794
2017-04-27 19:15:00,49.9964519756933
2017-04-27 19:16:00,49.99644379956415
2017-04-27 19:17:00,49.99643511629551
2017-04-27 19:18:00,49.99642592239234
2017-04-27 19:19:00,49.99641621435962
2017-04-27 19:20:00,49.99640598870236
2017-04-27 19:21:00,49.99639524192553
2017-04-27 19:22:00,49.99638397053411
2017-04-27 19:23:00,49.996372171033094
2017-04-27 19:24:00,49.99635983992745
2017-04-27 19:25:00,49.9963469737222
2017-04-27 19:26:00,49.996333568922275
2017-04-27 19:27:00,49.996319622032715
2017-04-27 19:28:00,49.99630512955846
2017-04-27 19:29:00,49.996290088004514
2017-04-27 19:30:00,49.99627449387586
2017-04-27 19:31:00,49.99625834367748
2017-04-27 19:32:00,49.996241633914366
2017-04-27 19:33:00,49.9962243610915
2017-04-27 19:34:00,49.99620652171385
2017-04-27 19:35:00,49.996188112286426
2017-04-27 19:36:00,49.9961691293142
2017-04-27 19:37:00,49.99614956930216
2017-04-27 19:38:00,49.99612942875528
2017-04-27 19:39:00,49.99610870417855
2017-04-27 19:40:00,49.99608739207696
2017-04-27 19:41:00,49.996065488955495
2017-04-27 19:42:00,49.996042991319136
2017-04-27 19:43:00,49.996019895672845
2017-04-27 19:44:00,49.99599619852165
2017-04-27 19:45:00,49.99597189637053
2017-04-27 19:46:00,49.995946985724416
2017-04-27 19:47:00,49.99592146308835
2017-04-27 19:48:00,49.9958953249673
2017-04-27 19:49:00,49.995868567866246
2017-04-27 19:50:00,49.99584118829017
2017-04-27 19:51:00,49.99581318274407
2017-04-27 19:52:00,49.99578454773291
2017-04-27 19:53:00,49.99575527976169
2017-04-27 19:54:00,49.99572537533538
2017-04-27 19:55:00,49.995694830958996
2017-04-27 19:56:00,49.99566364313747
2017-04-27 19:57:00,49.99563180837585
2017-04-27 19:58:00,49.995599323179064
2017-04-27 19:59:00,49.995566184052144
2017-04-27 20:00:00,49.99553238750003
2017-04-27 20:01:00,49.99549793746437
2017-04-27 20:02:00,49.9954628676333
2017-04-27 20:03:00,49.99542721913161
2017-04-27 20:04:00,49.99539103308406
2017-04-27 20:05:00,49.995354350615465
2017-04-27 20:06:00,49.995317212850566
2017-04-27 20:07:00,49.99527966091419
2017-04-27 20:08:00,49.995241735931074
2017-04-27 20:09:00,49.99520347902603
2017-04-27 20:10:00,49.99516493132382
2017-04-27 20:11:00,49.995126133949235
2017-04-27 20:12:00,49.99508712802706
2017-04-27 20:13:00,49.995047954682065
2017-04-27 20:14:00,49.99500865503904
2017-04-27 20:15:00,49.99496927022277
2017-04-27 20:16:00,49.99492984135801
2017-04-27 20:17:00,49.994890409569564
2017-04-27 20:18:00,49.99485101598222
2017-04-27 20:19:00,49.99481170172074
2017-04-27 20:20:00,49.99477250790991
2017-04-27 20:21:00,49.99473347567453
2017-04-27 20:22:00,49.99469464613935
2017-04-27 20:23:00,49.99465606042918
2017-04-27 20:24:00,49.99461775966877
2017-04-27 20:25:00,49.99457978498293
2017-04-27 20:26:00,49.99454217749642
2017-04-27 20:27:00,49.99450497833405
2017-04-27 20:28:00,49.99446822862057
2017-04-27 20:29:00,49.99443196948078
2017-04-27 20:30:00,49.99439624203944
2017-04-27 20:31:00,49.99436108742136
2017-04-27 20:32:00,49.99432654675131
2017-04-27 20:33:00,49.994292661154056
2017-04-27 20:34:00,49.9942594717544
2017-04-27 20:35:00,49.994227019677105
2017-04-27 20:36:00,49.99419534604697
2017-04-27 20:37:00,49.99416449198877
2017-04-27 20:38:00,49.99413449862727
2017-04-27 20:39:00,49.994105407087275
2017-04-27 20:40:00,49.99407725849356
2017-04-27 20:41:00,49.994050093970884
2017-04-27 20:42:00,49.99402395464407
2017-04-27 20:43:00,49.993998881637864
2017-04-27 20:44:00,49.99397491607705
2017-04-27 20:45:00,49.993952099086435
2017-04-27 20:46:00,49.99393047179077
2017-04-27 20:47:00,49.99391007531485
2017-04-27 20:48:00,49.99389095078345
2017-04-27 20:49:00,49.99387313932138
2017-04-27 20:50:00,49.99385668205338
2017-04-27 20:51:00,49.99384162010425
2017-04-27 20:52:00,49.99382799459876
2017-04-27 20:53:00,49.99381584666172
2017-04-27 20:54:00,49.99380521741787
2017-04-27 20:55:00,49.99379614799204
2017-04-27 20:56:00,49.99378867950896
2017-04-27 20:57:00,49.99378285309346
2017-04-27 20:58:00,49.99377870987028
2017-04-27 20:59:00,49.993776290964206
2017-04-27 21:00:00,49.993775637500036
2017-04-27 21:01:00,49.99377678175325
2017-04-27 21:02:00,49.99377972060201
2017-04-27 21:03:00,49.993784442075196
2017-04-27 21:04:00,49.99379093420169
2017-04-27 21:05:00,49.99379918501039
2017-04-27 21:06:00,49.99380918253013
2017-04-27 21:07:00,49.993820914789836
2017-04-27 21:08:00,49.993834369818344
2017-04-27 21:09:00,49.99384953564457
2017-04-27 21:10:00,49.99386640029736
2017-04-27 21:11:00,49.99388495180559
2017-04-27 21:12:00,49.993905178198155
2017-04-27 21:13:00,49.99392706750392
2017-04-27 21:14:00,49.99395060775177
2017-04-27 21:15:00,49.993975786970566
2017-04-27 21:16:00,49.994002593189215
2017-04-27 21:17:00,49.99403101443656
2017-04-27 21:18:00,49.99406103874153
2017-04-27 21:19:00,49.99409265413293
2017-04-27 21:20:00,49.99412584863968
2017-04-27 21:21:00,49.99416061029065
2017-04-27 21:22:00,49.99419692711474
2017-04-27 21:23:00,49.994234787140776
2017-04-27 21:24:00,49.99427417839768
2017-04-27 21:25:00,49.99431508891431
2017-04-27 21:26:00,49.994357506719545
2017-04-27 21:27:00,49.994401419842255
2017-04-27 21:28:00,49.99444681631133
2017-04-27 21:29:00,49.994493684155664
2017-04-27 21:30:00,49.99454201140407
2017-04-27 21:31:00,49.99459178608549
2017-04-27 21:32:00,49.99464299622878
2017-04-27 21:33:00,49.99469562986282
2017-04-27 21:34:00,49.994749675016465
2017-04-27 21:35:00,49.99480511971862
2017-04-27 21:36:00,49.99486195199815
2017-04-27 21:37:00,49.99492015988394
2017-04-27 21:38:00,49.994979731404854
2017-04-27 21:39:00,49.99504065458977
2017-04-27 21:40:00,49.995102917467584
2017-04-27 21:41:00,49.99516650806715
2017-04-27 21:42:00,49.99523141441735
2017-04-27 21:43:00,49.995297624547064
2017-04-27 21:44:00,49.99536512648518
2017-04-27 21:45:00,49.995433908260566
2017-04-27 21:46:00,49.995503957902095
2017-04-27 21:47:00,49.995575263438646
2017-04-27 21:48:00,49.99564781289911
2017-04-27 21:49:00,49.995721594312336
2017-04-27 21:50:00,49.99579659570722
2017-04-27 21:51:00,49.99587280511265
2017-04-27 21:52:00,49.995950210557474
2017-04-27 21:53:00,49.996028800070576
2017-04-27 21:54:00,49.996108561680856
2017-04-27 21:55:00,49.996189483417176
2017-04-27 21:56:00,49.996271553308404
2017-04-27 21:57:00,49.996354759383436
2017-04-27 21:58:00,49.99643908967113
2017-04-27 21:59:00,49.99652453220038
2017-04-27 22:00:00,49.99661107500005
2017-04-27 22:01:00,49.99669870452737
2017-04-27 22:02:00,49.99678740095295
2017-04-27 22:03:00,49.996877142875704
2017-04-27 22:04:00,49.996967908894604
2017-04-27 22:05:00,49.99705967760861
2017-04-27 22:06:00,49.99715242761664
2017-04-27 22:07:00,49.99724613751766
2017-04-27 22:08:00,49.997340785910595
2017-04-27 22:09:00,49.99743635139442
2017-04-27 22:10:00,49.99753281256808
2017-04-27 22:11:00,49.99763014803048
2017-04-27 22:12:00,49.99772833638063
2017-04-27 22:13:00,49.99782735621742
2017-04-27 22:14:00,49.997927186139826
2017-04-27 22:15:00,49.99802780474679
2017-04-27 22:16:00,49.99812919063727
2017-04-27 22:17:00,49.99823132241019
2017-04-27 22:18:00,49.99833417866451
2017-04-27 22:19:00,49.998437737999176
2017-04-27 22:20:00,49.99854197901313
2017-04-27 22:21:00,49.99864688030532
2017-04-27 22:22:00,49.9987524204747
2017-04-27 22:23:00,49.99885857812021
2017-04-27 22:24:00,49.998965331840814
2017-04-27 22:25:00,49.99907266023542
2017-04-27 22:26:00,49.99918054190301
2017-04-27 22:27:00,49.99928895544254
2017-04-27 22:28:00,49.9993978794529
2017-04-27 22:29:00,49.999507292533096
2017-04-27 22:30:00,49.99961717328204
2017-04-27 22:31:00,49.9997275002987
2017-04-27 22:32:00,49.99983825218201
2017-04-27 22:33:00,49.999949407530906
2017-04-27 22:34:00,50.000060944944366
2017-04-27 22:35:00,50.000172843021325
2017-04-27 22:36:00,50.00028508036071
2017-04-27 22:37:00,50.00039763556149
2017-04-27 22:38:00,50.0005104872226
2017-04-27 22:39:00,50.000623613943
2017-04-27 22:40:00,50.00073699432163
2017-04-27 22:41:00,50.000850606957414
2017-04-27 22:42:00,50.000964430449336
2017-04-27 22:43:00,50.001078443396324
2017-04-27 22:44:00,50.00119262439733
2017-04-27 22:45:00,50.00130695205128
2017-04-27 22:46:00,50.00142140495717
2017-04-27 22:47:00,50.00153596171389
2017-04-27 22:48:00,50.001650600920435
2017-04-27 22:49:00,50.00176530117571
2017-04-27 22:50:00,50.00188004107868
2017-04-27 22:51:00,50.0019947992283
2017-04-27 22:52:00,50.00210955422351
2017-04-27 22:53:00,50.00222428466326
2017-04-27 22:54:00,50.002338969146486
2017-04-27 22:55:00,50.00245358627215
2017-04-27 22:56:00,50.00256811463918
2017-04-27 22:57:00,50.00268253284655
2017-04-27 22:58:00,50.002796819493184
2017-04-27 22:59:00,50.00291095317803
2017-04-27 23:00:00,50.00302491250004
2017-04-27 23:01:00,50.00313867605817
2017-04-27 23:02:00,50.00325222245135
2017-04-27 23:03:00,50.003365530278536
2017-04-27 23:04:00,50.003478578138676
2017-04-27 23:05:00,50.00359134463072
2017-04-27 23:06:00,50.00370380835359
2017-04-27 23:07:00,50.003815947906276
2017-04-27 23:08:00,50.00392774188768
2017-04-27 23:09:00,50.00403916889679
2017-04-27 23:10:00,50.00415020753252
2017-04-27 23:11:00,50.004260836393826
2017-04-27 23:12:00,50.00437103407967
2017-04-27 23:13:00,50.00448077918898
2017-04-27 23:14:00,50.0045900503207
2017-04-27 23:15:00,50.00469882607379
2017-04-27 23:16:00,50.00480708504721
2017-04-27 23:17:00,50.004914805839874
2017-04-27 23:18:00,50.00502196705075
2017-04-27 23:19:00,50.00512854727879
2017-04-27 23:20:00,50.005234525122916
2017-04-27 23:21:00,50.00533987918209
2017-04-27 23:22:00,50.00544458805526
2017-04-27 23:23:00,50.00554863034138
2017-04-27 23:24:00,50.005651984639385
2017-04-27 23:25:00,50.00575462954822
2017-04-27 23:26:00,50.00585654366682
2017-04-27 23:27:00,50.00595770559417
2017-04-27 23:28:00,50.0060580939292
2017-04-27 23:29:00,50.00615768727083
2017-04-27 23:30:00,50.00625646421804
2017-04-27 23:31:00,50.006354403369784
2017-04-27 23:32:00,50.006451483324966
2017-04-27 23:33:00,50.00654768268255
2017-04-27 23:34:00,50.00664298004152
2017-04-27 23:35:00,50.00673735400078
2017-04-27 23:36:00,50.00683078315928
2017-04-27 23:37:00,50.00692324611598
2017-04-27 23:38:00,50.00701472146984
2017-04-27 23:39:00,50.00710518781977
2017-04-27 23:40:00,50.00719462376473
2017-04-27 23:41:00,50.00728300790368
2017-04-27 23:42:00,50.007370318835584
2017-04-27 23:43:00,50.00745653515934
2017-04-27 23:44:00,50.00754163547393
2017-04-27 23:45:00,50.00762559837828
2017-04-27 23:46:00,50.00770840247138
2017-04-27 23:47:00,50.00779002635212
2017-04-27 23:48:00,50.00787044861946
2017-04-27 23:49:00,50.00794964787239
2017-04-27 23:50:00,50.0080276027098
2017-04-27 23:51:00,50.00810429173065
2017-04-27 23:52:00,50.008179693533926
2017-04-27 23:53:00,50.00825378671854
2017-04-27 23:54:00,50.00832654988345
2017-04-27 23:55:00,50.00839796162759
2017-04-27 23:56:00,50.00846800054993
2017-04-27 23:57:00,50.008536645249386
2017-04-27 23:58:00,50.008603874324926
2017-04-27 23:59:00,50.008669666375496
2017-04-28 00:00:00,50.00873400000003
